{"accuracy": [0.7758620689655172, 0.8103448275862069, 0.7456896551724138, 0.7327586206896551, 0.7327586206896551, 0.75, 0.7413793103448276, 0.7272727272727273, 0.7748917748917749, 0.7792207792207793], "f1_objective": [0.8385093167701864, 0.8735632183908046, 0.8090614886731392, 0.8012820512820513, 0.80625, 0.8220858895705521, 0.8, 0.797427652733119, 0.8231292517006803, 0.8411214953271028], "recall_objective": [0.7758620689655172, 0.8260869565217391, 0.7575757575757576, 0.7961783439490446, 0.7633136094674556, 0.7486033519553073, 0.7547169811320755, 0.7469879518072289, 0.7960526315789473, 0.7848837209302325], "precision_objective": [0.9121621621621622, 0.926829268292683, 0.8680555555555556, 0.8064516129032258, 0.8543046357615894, 0.9115646258503401, 0.851063829787234, 0.8551724137931035, 0.852112676056338, 0.9060402684563759], "f1_subjective": [0.6338028169014084, 0.6206896551724139, 0.6193548387096774, 0.5921052631578947, 0.5694444444444445, 0.5797101449275363, 0.6341463414634146, 0.5827814569536425, 0.6904761904761905, 0.6382978723404256], "recall_subjective": [0.7758620689655172, 0.75, 0.7164179104477612, 0.6, 0.6507936507936508, 0.7547169811320755, 0.7123287671232876, 0.676923076923077, 0.7341772151898734, 0.7627118644067796], "precision_subjective": [0.5357142857142857, 0.5294117647058824, 0.5454545454545454, 0.5844155844155844, 0.5061728395061729, 0.47058823529411764, 0.5714285714285714, 0.5116279069767442, 0.651685393258427, 0.5487804878048781]}