{"accuracy": [0.8232758620689655, 0.853448275862069, 0.7801724137931034, 0.7758620689655172, 0.75, 0.771551724137931, 0.7629310344827587, 0.7705627705627706, 0.7316017316017316, 0.8008658008658008], "f1_objective": [0.8900804289544235, 0.9105263157894737, 0.8579387186629525, 0.8539325842696629, 0.8323699421965319, 0.8571428571428571, 0.8459383753501402, 0.8507042253521128, 0.8248587570621468, 0.8729281767955801], "recall_objective": [0.9540229885057471, 0.9402173913043478, 0.9333333333333333, 0.9681528662420382, 0.8520710059171598, 0.888268156424581, 0.949685534591195, 0.9096385542168675, 0.9605263157894737, 0.9186046511627907], "precision_objective": [0.8341708542713567, 0.8826530612244898, 0.7938144329896907, 0.7638190954773869, 0.8135593220338984, 0.828125, 0.7626262626262627, 0.798941798941799, 0.7227722772277227, 0.8315789473684211], "f1_subjective": [0.5494505494505494, 0.5952380952380953, 0.5142857142857143, 0.5185185185185186, 0.5084745762711864, 0.43010752688172044, 0.4859813084112149, 0.5046728971962617, 0.42592592592592593, 0.54], "recall_subjective": [0.43103448275862066, 0.5208333333333334, 0.40298507462686567, 0.37333333333333335, 0.47619047619047616, 0.37735849056603776, 0.3561643835616438, 0.4153846153846154, 0.2911392405063291, 0.4576271186440678], "precision_subjective": [0.7575757575757576, 0.6944444444444444, 0.7105263157894737, 0.8484848484848485, 0.5454545454545454, 0.5, 0.7647058823529411, 0.6428571428571429, 0.7931034482758621, 0.6585365853658537]}